key;ru;en
"card.standard.50.name";"За работу!";"Get to Work!"
"card.standard.50.desc";"В начале хода: существа под вашим контролем получают +*1* к скорости";"At the start of turn: creatures you control gain +*1* Speed"
"card.standard.52.name";"Молитва за здравие";"Prayer for Health"
"card.standard.52.desc";"Существа под вашим контролем получают +*2* к здоровью";"Creatures you control gain +*2* Health"
"card.standard.67.name";"Наступающий кризис";"Looming Crisis"
"card.standard.67.desc";"Оба игрока в начале хода не получают золото";"At the start of turn, both players gain no gold"
"card.standard.68.name";"Вербовка";"Recruitment"
"card.standard.68.desc";"В начале хода призывает 2 Бойцов на арене";"At the start of turn, summons 2 Arena Fighters"
"card.standard.70.name";"Долгий обряд";"Long Ritual"
"card.standard.70.desc";"В начале хода: получите *3* урона и *2* маны";"At the start of turn: take *3* damage and gain *2* mana"
"card.standard.71.name";"Позвать батю";"Call Dad"
"card.standard.71.desc";"Когда истекает: призывает Батю 10/10";"When it expires: summons Dad 10/10"
"card.standard.73.name";"Пожарище";"Conflagration"
"card.standard.73.desc";"В начале хода все получают по *2* урона";"At the start of turn, everyone takes *2* damage"
"card.standard.84.name";"Плохая погода";"Bad Weather"
"card.standard.84.desc";"Существа под контролем оппонента получают -*1* к скорости";"Creatures your opponent controls gain -*1* Speed"
"card.standard.85.name";"Великое отлучение";"Great Excommunication"
"card.standard.85.desc";"Существа под контролем оппонента получают -*3* к атаке";"Creatures your opponent controls gain -*3* Attack"
"card.standard.86.name";"Великое обращение";"Great Conversion"
"card.standard.86.desc";"Все существа под вашим контролем получают жёлтый цвет";"All creatures you control gain the yellow color"
"card.standard.91.name";"Благоговейный приход";"Reverent Arrival"
"card.standard.91.desc";"В начале вашего хода существа под вашим контролем получают +*1*/+*2*";"At the start of your turn, creatures you control gain +*1*/+*2*"
"card.standard.0.name";"Чёрт";"Imp"
"card.standard.0.desc";"В конце хода: наносит *1* урона случайному персонажу";"At the end of turn: deals *1* damage to a random character"
"card.standard.1.name";"Старший чёрт";"Elder Imp"
"card.standard.1.desc";"В конце хода: наносит *2* урона случайному персонажу";"At the end of turn: deals *2* damage to a random character"
"card.standard.2.name";"Главарь чертов";"Imp Boss"
"card.standard.2.desc";"В конце хода: уничтожает случайное существо";"At the end of turn: destroys a random creature"
"card.standard.3.name";"Главарь преисподней";"Underworld Boss"
"card.standard.3.desc";"При разыгрывании: заполняет поле чертями";"When played: fills the row with imps"
"card.standard.4.name";"Грыз";"Gnaw"
"card.standard.4.desc";"При разыгрывании: получает +*1*/+*1* за каждого чёрта, призванного вами в этом матче";"When played: gains +*1*/+*1* for each imp you summoned this match"
"card.standard.5.name";"Голубой волшебник";"Blue Wizard"
"card.standard.5.desc";"При разыгрывании: даёт *3* маны";"When played: gives *3* mana"
"card.standard.6.name";"Неудачливый чародей";"Hapless Sorcerer"
"card.standard.6.desc";"При разыгрывании: тратит 2 маны, чтобы нанести *3* урона существам оппонента";"When played: spends 2 mana to deal *3* damage to the opponent's creatures"
"card.standard.7.name";"Старый колдун";"Old Warlock"
"card.standard.7.desc";"При разыгрывании: замешайте в колоду оппонента 1 Вонючее облако";"When played: shuffle 1 Stink Cloud into the opponent's deck"
"card.standard.8.name";"Гнидальф немытый";"Gnidalf the Unwashed"
"card.standard.8.desc";"При разыгрывании: замешивает в колоду оппонента Вонючее облако за каждое замешанное вами в этом матче Вонючее облако";"When played: shuffles a Stink Cloud into the opponent's deck for each Stink Cloud you shuffled this match"
"card.standard.9.name";"Работяга";"Laborer"
"card.standard.9.desc";"При разыгрывании: призывает другого работягу из колоды";"When played: summons another Laborer from your deck"
"card.standard.10.name";"Начальник смены";"Shift Foreman"
"card.standard.10.desc";"Пока контролируете: работяги под вашим контролем получают +*1*/+*2*";"While you control: Laborers you control gain +*1*/+*2*"
"card.standard.11.name";"Прораб";"Foreman"
"card.standard.11.desc";"При разыгрывании: замешивает 2 Работяг в колоду";"When played: shuffles 2 Laborers into your deck"
"card.standard.12.name";"Боец на арене";"Arena Fighter"
"card.standard.12.desc";"В начале хода: получает +*1* к скорости";"At the start of turn: gains +*1* Speed"
"card.standard.13.name";"Маг-пиромант";"Pyromancer Mage"
"card.standard.13.desc";"При разыгрывании: заполняет руку Поджогами";"When played: fills your hand with Arson"
"card.standard.14.name";"Глава сатанистов";"Cult Leader"
"card.standard.14.desc";"При смерти: заполняет ряд Сатанистами";"On death: fills the row with Satanists"
"card.standard.15.name";"Сатанист";"Satanist"
"card.standard.15.desc";"При смерти: наносит *2* урона обоим игрокам";"On death: deals *2* damage to both players"
"card.standard.16.name";"Начитанный волшебник Попадос";"Well-Read Wizard Popados"
"card.standard.16.desc";"При разыгрывании: кладёт в руку копию последнего разыгранного вами заклинания";"When played: adds a copy of the last spell you played to your hand"
"card.standard.17.name";"Скелетон";"Skeleton"
"card.standard.17.desc";"При смерти: возвращается в руку";"On death: returns to your hand"
"card.standard.18.name";"Скелетон-чародей, без кожи";"Skinless Skeleton Sorcerer"
"card.standard.18.desc";"При разыгрывании: замешивает в колоду 2 Скелетона";"When played: shuffles 2 Skeletons into your deck"
"card.standard.19.name";"Свежий зомби";"Fresh Zombie"
"card.standard.19.desc";"При разыгрывании: оппонент сбрасывает случайную карту";"When played: the opponent discards a random card"
"card.standard.20.name";"Дерзкий расхититель гробниц";"Brazen Tomb Raider"
"card.standard.20.desc";"Когда вы берёте карту: оппонент сбрасывает случайную карту";"When you draw a card: the opponent discards a random card"
"card.standard.21.name";"Охотник за твоей головой";"Bounty Hunter"
"card.standard.21.desc";"При разыгрывании: наносит *1* урона всем существам в колоде оппонента";"When played: deals *1* damage to all creatures in the opponent's deck"
"card.standard.22.name";"Верховный волшебник Барабук";"Archmage Barabook"
"card.standard.22.desc";"При разыгрывании: разыгрывает случайное заклинание из колоды за 3 и меньше";"When played: casts a random spell costing 3 or less from your deck"
"card.standard.23.name";"Пресвятой Душ'Нила";"Holy Dushnila"
"card.standard.23.desc";"При разыгрывании: уничтожает существ под контролем оппонента без жёлтого цвета";"When played: destroys creatures your opponent controls that don't have the yellow color"
"card.standard.24.name";"Еретик попущенный";"Forsaken Heretic"
"card.standard.24.desc";"В начале хода: получает контроль над случайным существом оппонента до конца хода";"At the start of turn: takes control of a random enemy creature until end of turn"
"card.standard.25.name";"Библиотекарь на смене";"Librarian on Duty"
"card.standard.25.desc";"При разыгрывании: берёт из колоды случайное заклинание";"When played: draws a random spell from your deck"
"card.standard.26.name";"Шнырь";"Snitch"
"card.standard.26.desc";"В конце хода: берёте карту";"At the end of turn: draw a card"
"card.standard.27.name";"Кладка";"Brood"
"card.standard.27.desc";"В начале хода: призывает 2 Жуков 1/1/3";"At the start of turn: summons 2 Bugs 1/1/3"
"card.standard.28.name";"Всадник Разложения";"Rider of Decay"
"card.standard.28.desc";"При разыгрывании: погибает. При смерти: оппонент сбрасывает случайную карту";"When played: dies. On death: the opponent discards a random card"
"card.standard.29.name";"Всадник Войны";"Rider of War"
"card.standard.29.desc";"При разыгрывании: погибает. При смерти: призывает 2 Воина 3/2/2";"When played: dies. On death: summons 2 Warriors 3/2/2"
"card.standard.30.name";"Всадник Голода";"Rider of Famine"
"card.standard.30.desc";"При разыгрывании: умирает. При смерти: похищает у случайного врага *2* здоровья";"When played: dies. On death: steals *2* health from a random enemy"
"card.standard.31.name";"Всадник Смерти";"Rider of Death"
"card.standard.31.desc";"При разыгрывании: умирает. При смерти: уничтожает самое сильное существо под контролем оппонента";"When played: dies. On death: destroys the strongest creature your opponent controls"
"card.standard.32.name";"Токсичная мать";"Toxic Mother"
"card.standard.32.desc";"При разыгрывании: наносит владельцу *3* урона, призывает 4 Павука 1/1/3";"When played: deals *3* damage to its owner, summons 4 Spiders 1/1/3"
"card.standard.33.name";"Батя улья";"Hive Daddy"
"card.standard.33.desc";"В начале матча: получите *3* урона, призывает 4 Павука 1/1/3";"At the start of the match: take *3* damage, summons 4 Spiders 1/1/3"
"card.standard.34.name";"Проповедник из качалки";"Gym Preacher"
"card.standard.34.desc";"В начале матча: если в вашей колоде все карты жёлтого цвета, удваивает ваше здоровье";"At the start of the match: if all cards in your deck are yellow, doubles your health"
"card.standard.35.name";"Очиститель";"Purifier"
"card.standard.35.desc";"В конце хода: кладёте в руку случайное заклинание другого цвета";"At the end of turn: add a random spell of a different color to your hand"
"card.standard.36.name";"Харизматичный священник";"Charismatic Priest"
"card.standard.36.desc";"При разыгрывании: призовите самое дорогое существо из колоды, оно умрёт через *3* хода";"When played: summon the most expensive creature from your deck; it dies in *3* turns"
"card.standard.37.name";"Патриарх";"Patriarch"
"card.standard.37.desc";"При разыгрывании: существа в вашей колоде получают +*1*/+*1*";"When played: creatures in your deck gain +*1*/+*1*"
"card.standard.38.name";"Тайный воздыхатель";"Secret Admirer"
"card.standard.38.desc";"В конце хода: все существа под вашим контролем получают +*1*/+*1*";"At the end of turn: all creatures you control gain +*1*/+*1*"
"card.standard.39.name";"Водонос";"Water Carrier"
"card.standard.39.desc";"При смерти: даёт воду";"On death: gives Water"
"card.standard.40.name";"Магический гомункул";"Magic Homunculus"
"card.standard.40.desc";"При разыгрывании: призывает существо с таким же названием. При смерти: замешайте копию в колоду";"When played: summons a creature with the same name. On death: shuffle a copy into your deck"
"card.standard.45.name";"Адовый червь";"Hell Worm"
"card.standard.45.desc";"При разыгрывании: до конца матча, когда вы берёте карту в начале хода, посмотрите 3 верхние, выберите одну — её уничтожьте, две другие возьмите";"When played: until the end of the match, when you draw at the start of turn, look at the top 3, choose one to destroy and draw the other two"
"card.standard.47.name";"Босс качалки Билли";"Gym Boss Billy"
"card.standard.47.desc";"В начале матча: у вас всегда на выбор 4 карты и неограниченное число замен";"At the start of the match: you always mulligan 4 cards with unlimited replacements"
"card.standard.56.name";"Бешеная бабка";"Mad Granny"
"card.standard.56.desc";"При разыгрывании: уничтожает существо и занимает его место";"When played: destroys a creature and takes its place"
"card.standard.63.name";"Биба";"Biba"
"card.standard.63.desc";"В начале матча: замешайте Бобу в колоду. В конце хода: если контролируете Бобу, нанесите *3* урона оппоненту";"At the start of the match: shuffle Boba into your deck. At the end of turn: if you control Boba, deal *3* damage to the opponent"
"card.standard.99.name";"Чёртов начальник";"Imp Overseer"
"card.standard.99.desc";"В начале хода: вы получаете *2* урона, призывает случайного Чёрта";"At the start of turn: you take *2* damage, summons a random Imp"
"card.standard.41.name";"Сатанинский круг";"Satanic Circle"
"card.standard.41.desc";"Получаете *3* урона, призывает 2 Чертей";"Take *3* damage, summons 2 Imps"
"card.standard.42.name";"Окропить святой водой";"Sprinkle Holy Water"
"card.standard.42.desc";"Наносит существам без жёлтого цвета *2* урона, получает случайное заклинание жёлтого цвета за каждое погибшее существо";"Deals *2* damage to creatures without the yellow color; gain a random yellow spell for each creature that died"
"card.standard.43.name";"Чертовщина";"Devilry"
"card.standard.43.desc";"Превращает существо в Чёрта под вашим контролем";"Turns a creature into an Imp under your control"
"card.standard.46.name";"Очистить от скверны";"Cleanse the Filth"
"card.standard.46.desc";"Положите 2 карты с чёрным, красным или синим цветом в руку";"Add 2 cards with the black, red, or blue color to your hand"
"card.standard.48.name";"Уничтожить";"Destroy"
"card.standard.48.desc";"Уничтожает существо под контролем оппонента";"Destroys a creature your opponent controls"
"card.standard.53.name";"Штраф на предприятии";"Workplace Fine"
"card.standard.53.desc";"Оба игрока теряют по *3* золота";"Both players lose *3* gold each"
"card.standard.54.name";"Позвать рой";"Call the Swarm"
"card.standard.54.desc";"Призывает паука 1/1/3; эффект повторяется за каждую карту с этим названием, разыгранную в этом матче";"Summons a Spider 1/1/3; repeats for each card with this name played this match"
"card.standard.57.name";"Вудду-будду";"Voodoo-Boodoo"
"card.standard.57.desc";"Если вы получили на своём ходу 15 урона, то до конца матча, получая урон в свой ход, направляете его оппоненту";"If you took 15 damage on your turn, then until the end of the match, damage you take on your turn is redirected to the opponent"
"card.standard.60.name";"Дать газу!";"Gas It Up!"
"card.standard.60.desc";"Нанесите *2* урона всем существам на поле боя, замешайте Вонючее облако за каждое погибшее существо";"Deal *2* damage to all creatures on the battlefield; shuffle a Stink Cloud for each creature that died"
"card.standard.61.name";"Поджог";"Arson"
"card.standard.61.desc";"Нанесите *2* урона врагу";"Deal *2* damage to an enemy"
"card.standard.64.name";"Дьявольский обряд";"Devil's Rite"
"card.standard.64.desc";"Получите *3* урона, получите *5* маны";"Take *3* damage, gain *5* mana"
"card.standard.65.name";"Газовое вздутие";"Gas Bloat"
"card.standard.65.desc";"Накладывает на существ под контролем оппонента эффект ""При смерти: замешайте 1 Вонючее облако в колоду владельца""";"Applies to creatures your opponent controls: ""On death: shuffle 1 Stink Cloud into the owner's deck"""
"card.standard.66.name";"Обнести хату";"Rob the House"
"card.standard.66.desc";"Похищает случайную карту из колоды оппонента, она становится на 1 дешевле";"Steals a random card from the opponent's deck; it costs 1 less"
"card.standard.69.name";"Грабёж!";"Robbery!"
"card.standard.69.desc";"Получите *3* золота";"Gain *3* gold"
"card.standard.74.name";"Разгром кладбища";"Graveyard Raid"
"card.standard.74.desc";"Призывает из кладбища 2 существа стоимостью 3 и меньше";"Summons 2 creatures costing 3 or less from the graveyard"
"card.standard.75.name";"Закопать заживо";"Bury Alive"
"card.standard.75.desc";"Замешивает существо в колоду владельца";"Shuffles a creature into its owner's deck"
"card.standard.76.name";"Массовое захоронение";"Mass Burial"
"card.standard.76.desc";"Замешивает всех существ в колоды их владельцев";"Shuffles all creatures into their owners' decks"
"card.standard.77.name";"Призвать ураган";"Summon a Hurricane"
"card.standard.77.desc";"Возвращает существ в руки их владельцев";"Returns creatures to their owners' hands"
"card.standard.78.name";"Фокус-покус";"Hocus-Pocus"
"card.standard.78.desc";"Разыгрывает 2 заклинания за 3 или меньше";"Casts 2 spells costing 3 or less"
"card.standard.79.name";"Та самая цепная молния";"That Chain Lightning"
"card.standard.79.desc";"Наносит *3* урона 3 случайным врагам";"Deals *3* damage to 3 random enemies"
"card.standard.80.name";"Кара божественная";"Divine Punishment"
"card.standard.80.desc";"Наносит *5* урона всем существам чёрного цвета";"Deals *5* damage to all black creatures"
"card.standard.81.name";"Отлучение";"Excommunication"
"card.standard.81.desc";"Лишает существо жёлтого цвета и даёт чёрный";"Removes the yellow color from a creature and gives it black"
"card.standard.82.name";"Покайся";"Repent"
"card.standard.82.desc";"Выбранное существо получает -*2* к атаке";"The chosen creature gains -*2* Attack"
"card.standard.83.name";"Обращение в веру";"Conversion"
"card.standard.83.desc";"Даёт выбранному существу жёлтый цвет и забирает под свой контроль";"Gives the chosen creature the yellow color and takes control of it"
"card.standard.87.name";"Облопошить";"Hoodwink"
"card.standard.87.desc";"Получает контроль над существом под контролем оппонента, оно умирает через *3* хода";"Takes control of a creature your opponent controls; it dies in *3* turns"
"card.standard.88.name";"Временная петля";"Time Loop"
"card.standard.88.desc";"До конца матча ваши эффекты начала и конца хода срабатывают дважды";"Until the end of the match, your start- and end-of-turn effects trigger twice"
"card.standard.89.name";"Мертвячая рука";"Dead Man's Hand"
"card.standard.89.desc";"Получите *3* урона, посмотрите 3 карты из руки противника и сбросьте одну";"Take *3* damage, look at 3 cards in the opponent's hand and discard one"
"card.standard.90.name";"Машина пропаганды";"Propaganda Machine"
"card.standard.90.desc";"Получите контроль над ВСЕМИ существами под контролем оппонента на 3 хода";"Take control of ALL creatures your opponent controls for 3 turns"
"card.standard.92.name";"Грядущий шторм";"Coming Storm"
"card.standard.92.desc";"Нанесите оппоненту *5* урона; если в руке есть карта с тем же названием, разыграйте её";"Deal *5* damage to the opponent; if you have a card with the same name in hand, play it"
"card.standard.93.name";"Прилив сил";"Surge of Power"
"card.standard.93.desc";"Получите *5* маны до конца хода";"Gain *5* mana until end of turn"
"card.standard.94.name";"Бомбануть!";"Blow It Up!"
"card.standard.94.desc";"Наносит *5* урона существу под контролем оппонента и *2* урона ближайшим существам под контролем оппонента";"Deals *5* damage to a creature your opponent controls and *2* damage to nearby creatures your opponent controls"
"card.standard.95.name";"Зажигалка";"Lighter"
"card.standard.95.desc";"Наносит *1* урона существу; если оно погибнет, наносит соседям *5* урона";"Deals *1* damage to a creature; if it dies, deals *5* damage to its neighbors"
"card.standard.96.name";"Гиперинфляция";"Hyperinflation"
"card.standard.96.desc";"До конца матча все карты стоят на 1 дороже";"Until the end of the match, all cards cost 1 more"
"card.standard.97.name";"Подстава";"Setup"
"card.standard.97.desc";"Замешайте в колоду оппонента 3 карты Подставы";"Shuffle 3 Setup cards into the opponent's deck"
"card.standard.58.name";"Вудду-будду";"Voodoo-Boodoo"
"card.standard.49.name";"Боба";"Boba"
"card.standard.49.desc";"В конце хода: если контролируете Бибу, нанесите *3* урона оппоненту";"At the end of turn: if you control Biba, deal *3* damage to the opponent"
"card.standard.51.name";"Жук из кладки";"Brood Bug"
"card.standard.55.name";"Павук";"Spider"
"card.standard.62.name";"Воин";"Warrior"
"card.standard.72.name";"Батя";"Dad"
"card.standard.44.name";"Водица";"Water"
"card.standard.44.desc";"Даёт *3* маны до конца хода";"Gives *3* mana until end of turn"
"card.standard.59.name";"Вонючее облако";"Stink Cloud"
"card.standard.59.desc";"При взятии: получите *1* урона за каждое взятое Вонючее облако";"When drawn: take *1* damage for each Stink Cloud you've drawn"
"card.standard.98.name";"Подстава";"Setup"
"card.standard.98.desc";"При взятии: сбросьте случайную карту";"When drawn: discard a random card"
"card.standard.100.name";"Неудачная насмешка";"Failed Mockery"
"card.standard.100.desc";"Оба игрока сбрасывают по 1 карте";"Both players discard 1 card each"
"type.Creature";"Существо";"Creature"
"type.Spell";"Заклинание";"Spell"
"type.Charm";"Чары";"Charm"
"ui.menu.play";"Начать";"Start"
"ui.menu.deck";"Коллекция";"Collection"
"ui.menu.settings";"Настройки";"Settings"
"ui.menu.exit";"Выход";"Exit"
"ui.menu.shop";"Магазин";"Shop"
"ui.menu.market";"Чёрный рынок";"Black Market"
"ui.menu.auction";"Аукцион";"Auction"
"ui.menu.boosters";"Бустеры";"Boosters"
"ui.common.coming_soon";"Скоро";"Coming soon"
"ui.shop.title";"Магазин";"Shop"
"ui.market.title";"Чёрный рынок";"Black Market"
"ui.auction.title";"Аукцион";"Auction"
"ui.boosters.title";"Открытие бустеров";"Booster Opening"
"ui.settings.title";"Настройки";"Settings"
"ui.settings.language";"Язык";"Language"
"ui.common.back";"Назад";"Back"
"ui.deck.no_commander";"Сначала выберите командира";"Choose a commander first"
"ui.deck.wrong_color";"Карта не совпадает по цвету с командиром";"Card color doesn't match the commander"
"ui.deck.exotic_limit";"В колоде уже есть экзотическая карта";"The deck already has an exotic card"
"ui.deck.copy_limit";"Достигнут лимит копий для этой карты";"Copy limit reached for this card"
"ui.deck.not_enough_copies";"У вас нет достаточно копий этой карты";"You don't have enough copies of this card"
"ui.deck.commander_set";"Командир: {0}";"Commander: {0}"
"ui.deck.full";"Колода заполнена (20 карт + командир)";"Deck is full (20 cards + commander)"
"ui.deck.commander_removed";"Командир убран из колоды";"Commander removed from the deck"
"ui.deck.default_name";"Колода";"Deck"
"ui.deck.saved";"Колода «{0}» сохранена";"Deck «{0}» saved"
"ui.deck.save_error";"Ошибка сохранения: {0}";"Save error: {0}"
"ui.deck.cleared";"Колода очищена";"Deck cleared"
"ui.deck.no_commander_yet";"Командир не выбран";"No commander set yet"
"ui.deck.show_commanders";"Показать командиров";"Show commanders"
"ui.login.enter_credentials";"Введите email и пароль";"Enter email and password"
"ui.login.password_too_short";"Пароль должен быть не менее 6 символов";"Password must be at least 6 characters"
"ui.battle.your_turn";"Ваш ход!";"Your turn!"
"ui.battle.opponent_turn";"Ход оппонента";"Opponent's turn"
"ui.battle.milled";"Сожжено";"Milled"
"ui.battle.result_win";"Победа";"Victory"
"ui.battle.result_lose";"Поражение";"Defeat"
"ui.battle.result_draw";"Ничья";"Draw"
"ui.battle.result_next";"Далее";"Next"
"ui.mulligan.confirm";"Подтвердить";"Confirm"
"ui.mulligan.skip";"Пропустить";"Skip"

